-- MySQL Script generated by MySQL Workbench
-- Wed Nov 12 19:44:46 2025
-- Model: New Model    Version: 1.0
-- MySQL Workbench Forward Engineering

SET @OLD_UNIQUE_CHECKS=@@UNIQUE_CHECKS, UNIQUE_CHECKS=0;
SET @OLD_FOREIGN_KEY_CHECKS=@@FOREIGN_KEY_CHECKS, FOREIGN_KEY_CHECKS=0;
SET @OLD_SQL_MODE=@@SQL_MODE, SQL_MODE='ONLY_FULL_GROUP_BY,STRICT_TRANS_TABLES,NO_ZERO_IN_DATE,NO_ZERO_DATE,ERROR_FOR_DIVISION_BY_ZERO,NO_ENGINE_SUBSTITUTION';

-- -----------------------------------------------------
-- Schema MoneyCare
-- -----------------------------------------------------

-- -----------------------------------------------------
-- Schema MoneyCare
-- -----------------------------------------------------
CREATE SCHEMA IF NOT EXISTS `MoneyCare` DEFAULT CHARACTER SET utf8 ;
USE `MoneyCare` ;

-- -----------------------------------------------------
-- Table `MoneyCare`.`Pessoa_Fisica`
-- -----------------------------------------------------
CREATE TABLE IF NOT EXISTS `MoneyCare`.`Pessoa_Fisica` (
  `Id` INT NOT NULL,
  `Nome` VARCHAR(200) NOT NULL,
  `CPF` VARCHAR(16) NOT NULL,
  `Telefone` INT NOT NULL,
  `Data_Nascimento` DATE NOT NULL,
  `Data_Inicio` DATETIME NOT NULL,
  `Data_Fim` DATETIME NULL DEFAULT NULL,
  PRIMARY KEY (`Id`),
  UNIQUE INDEX `CPF_UNIQUE` (`CPF` ASC) VISIBLE)
ENGINE = InnoDB;


-- -----------------------------------------------------
-- Table `MoneyCare`.`Tipo_Pagamento`
-- -----------------------------------------------------
CREATE TABLE IF NOT EXISTS `MoneyCare`.`Tipo_Pagamento` (
  `Id` INT NOT NULL,
  `Tipo_Pagamento` ENUM('Cartão de crédito', 'Cartão de débito', 'PIX', 'Boleto', 'Dinheiro', 'Cheque') NOT NULL,
  PRIMARY KEY (`Id`))
ENGINE = InnoDB;


-- -----------------------------------------------------
-- Table `MoneyCare`.`Tipo_Gasto`
-- -----------------------------------------------------
CREATE TABLE IF NOT EXISTS `MoneyCare`.`Tipo_Gasto` (
  `Id` INT NOT NULL,
  `Tipo_Gasto` ENUM('Crédito', 'Débito') NOT NULL,
  PRIMARY KEY (`Id`))
ENGINE = InnoDB;


-- -----------------------------------------------------
-- Table `MoneyCare`.`Classe_Principal`
-- -----------------------------------------------------
CREATE TABLE IF NOT EXISTS `MoneyCare`.`Classe_Principal` (
  `Id` INT NOT NULL,
  `Nome` VARCHAR(55) NOT NULL,
  PRIMARY KEY (`Id`))
ENGINE = InnoDB;


-- -----------------------------------------------------
-- Table `MoneyCare`.`SubClasse`
-- -----------------------------------------------------
CREATE TABLE IF NOT EXISTS `MoneyCare`.`SubClasse` (
  `Id` INT NOT NULL,
  `Nome` VARCHAR(55) NOT NULL,
  `Classe_Principal_Id` INT NOT NULL,
  PRIMARY KEY (`Id`),
  INDEX `fk_SubClasse_Classe_Principal1_idx` (`Classe_Principal_Id` ASC) VISIBLE,
  CONSTRAINT `fk_SubClasse_Classe_Principal1`
    FOREIGN KEY (`Classe_Principal_Id`)
    REFERENCES `MoneyCare`.`Classe_Principal` (`Id`)
    ON DELETE NO ACTION
    ON UPDATE NO ACTION)
ENGINE = InnoDB;


-- -----------------------------------------------------
-- Table `MoneyCare`.`CNPJ`
-- -----------------------------------------------------
CREATE TABLE IF NOT EXISTS `MoneyCare`.`CNPJ` (
  `Id` INT NOT NULL,
  `Nome_Empresa` VARCHAR(255) NOT NULL,
  `CNPJ` VARCHAR(17) NOT NULL,
  PRIMARY KEY (`Id`))
ENGINE = InnoDB;


-- -----------------------------------------------------
-- Table `MoneyCare`.`Transacao`
-- -----------------------------------------------------
CREATE TABLE IF NOT EXISTS `MoneyCare`.`Transacao` (
  `Id` INT NOT NULL,
  `Valor` DECIMAL(10,2) NOT NULL,
  `CNPJ_has_Classe_Principal_Classe_Principal_SubClasse_Id` INT NOT NULL,
  `Pessoa_Fisica_Id` INT NOT NULL,
  `Tipo_Pagamento_Id` INT NOT NULL,
  `Tipo_Gasto_Id` INT NOT NULL,
  `Classe_Principal_SubClasse_Id` INT NOT NULL,
  `SubClasse_Id` INT NOT NULL,
  `CNPJ_Id` INT NOT NULL,
  `Classe_Principal_Id` INT NOT NULL,
  PRIMARY KEY (`Id`, `CNPJ_has_Classe_Principal_Classe_Principal_SubClasse_Id`, `Pessoa_Fisica_Id`, `Tipo_Pagamento_Id`, `Tipo_Gasto_Id`, `Classe_Principal_SubClasse_Id`, `SubClasse_Id`, `CNPJ_Id`, `Classe_Principal_Id`),
  INDEX `fk_Transacao_Pessoa_Fisica1_idx` (`Pessoa_Fisica_Id` ASC) VISIBLE,
  INDEX `fk_Transacao_Tipo_Pagamento1_idx` (`Tipo_Pagamento_Id` ASC) VISIBLE,
  INDEX `fk_Transacao_Tipo_Gasto1_idx` (`Tipo_Gasto_Id` ASC) VISIBLE,
  INDEX `fk_Transacao_SubClasse1_idx` (`SubClasse_Id` ASC) VISIBLE,
  INDEX `fk_Transacao_CNPJ1_idx` (`CNPJ_Id` ASC) VISIBLE,
  INDEX `fk_Transacao_Classe_Principal1_idx` (`Classe_Principal_Id` ASC) VISIBLE,
  CONSTRAINT `fk_Transacao_Pessoa_Fisica1`
    FOREIGN KEY (`Pessoa_Fisica_Id`)
    REFERENCES `MoneyCare`.`Pessoa_Fisica` (`Id`)
    ON DELETE NO ACTION
    ON UPDATE NO ACTION,
  CONSTRAINT `fk_Transacao_Tipo_Pagamento1`
    FOREIGN KEY (`Tipo_Pagamento_Id`)
    REFERENCES `MoneyCare`.`Tipo_Pagamento` (`Id`)
    ON DELETE NO ACTION
    ON UPDATE NO ACTION,
  CONSTRAINT `fk_Transacao_Tipo_Gasto1`
    FOREIGN KEY (`Tipo_Gasto_Id`)
    REFERENCES `MoneyCare`.`Tipo_Gasto` (`Id`)
    ON DELETE NO ACTION
    ON UPDATE NO ACTION,
  CONSTRAINT `fk_Transacao_SubClasse1`
    FOREIGN KEY (`SubClasse_Id`)
    REFERENCES `MoneyCare`.`SubClasse` (`Id`)
    ON DELETE NO ACTION
    ON UPDATE NO ACTION,
  CONSTRAINT `fk_Transacao_CNPJ1`
    FOREIGN KEY (`CNPJ_Id`)
    REFERENCES `MoneyCare`.`CNPJ` (`Id`)
    ON DELETE NO ACTION
    ON UPDATE NO ACTION,
  CONSTRAINT `fk_Transacao_Classe_Principal1`
    FOREIGN KEY (`Classe_Principal_Id`)
    REFERENCES `MoneyCare`.`Classe_Principal` (`Id`)
    ON DELETE NO ACTION
    ON UPDATE NO ACTION)
ENGINE = InnoDB;


-- -----------------------------------------------------
-- Table `MoneyCare`.`Credencial`
-- -----------------------------------------------------
CREATE TABLE IF NOT EXISTS `MoneyCare`.`Credencial` (
  `Id` INT NOT NULL,
  `Email` VARCHAR(255) NOT NULL,
  `Senha` VARCHAR(255) NOT NULL,
  `Username` VARCHAR(45) NOT NULL,
  `Pessoa_Fisica_Id` INT NOT NULL,
  PRIMARY KEY (`Id`, `Pessoa_Fisica_Id`),
  UNIQUE INDEX `Username_UNIQUE` (`Username` ASC) VISIBLE,
  INDEX `fk_Credencial_Pessoa_Fisica_idx` (`Pessoa_Fisica_Id` ASC) VISIBLE,
  CONSTRAINT `fk_Credencial_Pessoa_Fisica`
    FOREIGN KEY (`Pessoa_Fisica_Id`)
    REFERENCES `MoneyCare`.`Pessoa_Fisica` (`Id`)
    ON DELETE NO ACTION
    ON UPDATE NO ACTION)
ENGINE = InnoDB;


-- -----------------------------------------------------
-- Table `MoneyCare`.`CNPJ_Classe_Principal`
-- -----------------------------------------------------
CREATE TABLE IF NOT EXISTS `MoneyCare`.`CNPJ_Classe_Principal` (
  `CNPJ_Id` INT NOT NULL,
  `Classe_Principal_Id` INT NOT NULL,
  PRIMARY KEY (`CNPJ_Id`, `Classe_Principal_Id`),
  INDEX `fk_CNPJ_has_Classe_Principal_Classe_Principal1_idx` (`Classe_Principal_Id` ASC) VISIBLE,
  INDEX `fk_CNPJ_has_Classe_Principal_CNPJ1_idx` (`CNPJ_Id` ASC) VISIBLE,
  CONSTRAINT `fk_CNPJ_has_Classe_Principal_CNPJ1`
    FOREIGN KEY (`CNPJ_Id`)
    REFERENCES `MoneyCare`.`CNPJ` (`Id`)
    ON DELETE NO ACTION
    ON UPDATE NO ACTION,
  CONSTRAINT `fk_CNPJ_has_Classe_Principal_Classe_Principal1`
    FOREIGN KEY (`Classe_Principal_Id`)
    REFERENCES `MoneyCare`.`Classe_Principal` (`Id`)
    ON DELETE NO ACTION
    ON UPDATE NO ACTION)
ENGINE = InnoDB;


-- -----------------------------------------------------
-- Table `MoneyCare`.`SubClasse_CNPJ`
-- -----------------------------------------------------
CREATE TABLE IF NOT EXISTS `MoneyCare`.`SubClasse_CNPJ` (
  `SubClasse_Id` INT NOT NULL,
  `CNPJ_Id` INT NOT NULL,
  PRIMARY KEY (`SubClasse_Id`, `CNPJ_Id`),
  INDEX `fk_SubClasse_has_CNPJ_CNPJ1_idx` (`CNPJ_Id` ASC) VISIBLE,
  INDEX `fk_SubClasse_has_CNPJ_SubClasse1_idx` (`SubClasse_Id` ASC) VISIBLE,
  CONSTRAINT `fk_SubClasse_has_CNPJ_SubClasse1`
    FOREIGN KEY (`SubClasse_Id`)
    REFERENCES `MoneyCare`.`SubClasse` (`Id`)
    ON DELETE NO ACTION
    ON UPDATE NO ACTION,
  CONSTRAINT `fk_SubClasse_has_CNPJ_CNPJ1`
    FOREIGN KEY (`CNPJ_Id`)
    REFERENCES `MoneyCare`.`CNPJ` (`Id`)
    ON DELETE NO ACTION
    ON UPDATE NO ACTION)
ENGINE = InnoDB;


SET SQL_MODE=@OLD_SQL_MODE;
SET FOREIGN_KEY_CHECKS=@OLD_FOREIGN_KEY_CHECKS;
SET UNIQUE_CHECKS=@OLD_UNIQUE_CHECKS;


-- Inserção de Dados nas Tabelas

-- Inserir na tabela Pessoa_Fisica
INSERT INTO `mydb`.`Pessoa_Fisica` 
  (`Id`, `Nome`, `CPF`, `Telefone`, `Data_Nascimento`, `Data_Inicio`, `Data_Fim`) 
VALUES 
  (1, 'João Silva', '12345678900', 987654321, '1985-03-25', '2025-11-12 10:00:00', NULL),
  (2, 'Maria Oliveira', '23456789012', 912345678, '1990-06-15', '2025-11-12 11:00:00', NULL);

-- Inserir na tabela Tipo_Pagamento
INSERT INTO `mydb`.`Tipo_Pagamento` 
  (`Id`, `Tipo_Pagamento`) 
VALUES 
  (1, 'Cartão de crédito'),
  (2, 'PIX');

-- Inserir na tabela Tipo_Gasto
INSERT INTO `mydb`.`Tipo_Gasto` 
  (`Id`, `Tipo_Gasto`) 
VALUES 
  (1, 'Crédito'),
  (2, 'Débito');

-- Inserir na tabela Classe_Principal
INSERT INTO `mydb`.`Classe_Principal` 
  (`Id`, `Nome`) 
VALUES 
  (1, 'Alimentação'),
  (2, 'Transporte');

-- Inserir na tabela SubClasse
INSERT INTO `mydb`.`SubClasse` 
  (`Id`, `Nome`, `Classe_Principal_Id`) 
VALUES 
  (1, 'Restaurantes', 1),
  (2, 'Transporte Público', 2);

-- Inserir na tabela CNPJ
INSERT INTO `mydb`.`CNPJ` 
  (`Id`, `Nome_Empresa`, `CNPJ`) 
VALUES 
  (1, 'Empresa X', '12345678000123'),
  (2, 'Empresa Y', '23456789000145');

-- Inserir na tabela Transacao
INSERT INTO `mydb`.`Transacao` 
  (`Id`, `Valor`, `CNPJ_has_Classe_Principal_Classe_Principal_SubClasse_Id`, `Pessoa_Fisica_Id`, `Tipo_Pagamento_Id`, `Tipo_Gasto_Id`, `Classe_Principal_SubClasse_Id`, `SubClasse_Id`, `CNPJ_Id`, `Classe_Principal_Id`) 
VALUES 
  (1, 100.00, 1, 1, 1, 1, 1, 1, 1, 1),
  (2, 50.00, 1, 2, 2, 2, 2, 2, 2, 2);

-- Consultas para Verificar os Dados

-- 1. Verificar os dados da tabela Pessoa_Fisica
SELECT * FROM `mydb`.`Pessoa_Fisica`;

-- 2. Verificar os dados da tabela Tipo_Pagamento
SELECT * FROM `mydb`.`Tipo_Pagamento`;

-- 3. Verificar os dados da tabela Tipo_Gasto
SELECT * FROM `mydb`.`Tipo_Gasto`;

-- 4. Verificar os dados da tabela Classe_Principal
SELECT * FROM `mydb`.`Classe_Principal`;

-- 5. Verificar os dados da tabela SubClasse
SELECT * FROM `mydb`.`SubClasse`;

-- 6. Verificar os dados da tabela CNPJ
SELECT * FROM `mydb`.`CNPJ`;

-- 7. Verificar os dados da tabela Transacao
SELECT * FROM `mydb`.`Transacao`;

-- 8. Consulta Relacionada (Juntando várias tabelas)
SELECT 
    t.Id AS Transacao_ID,
    t.Valor,
    pf.Nome AS Pessoa_Fisica,
    tp.Tipo_Pagamento,
    tg.Tipo_Gasto,
    cp.Nome AS Classe_Principal,
    sc.Nome AS SubClasse,
    c.Nome_Empresa AS CNPJ_Empresa
FROM 
    `mydb`.`Transacao` t
JOIN 
    `mydb`.`Pessoa_Fisica` pf ON t.Pessoa_Fisica_Id = pf.Id
JOIN 
    `mydb`.`Tipo_Pagamento` tp ON t.Tipo_Pagamento_Id = tp.Id
JOIN 
    `mydb`.`Tipo_Gasto` tg ON t.Tipo_Gasto_Id = tg.Id
JOIN 
    `mydb`.`Classe_Principal` cp ON t.Classe_Principal_Id = cp.Id
JOIN 
    `mydb`.`SubClasse` sc ON t.SubClasse_Id = sc.Id
JOIN 
    `mydb`.`CNPJ` c ON t.CNPJ_Id = c.Id;
